ticker,pe_ratio,roe,market_cap,beta
MMM,27.843332,0.75501,87990501376,1.166
AOS,20.21039,0.29197,10760338432,1.343
ABT,30.083109,0.13158,195296903168,0.751
ABBV,95.25848,11.066669,397325729792,0.334
ACN,17.79752,0.25016,133546909696,1.236
ADBE,15.476361,0.55426,108254142464,1.515
AMD,76.98077,0.07082,326326714368,1.949
AES,10.861842,0.05106,11757117440,0.97
AFL,16.71994,0.13118,59764711424,0.662
A,26.892778,0.20618999,34842013696,1.298
APD,,-0.01667,62606413824,0.888
ABNB,31.73449,0.30233,76671844352,1.139
AKAM,27.615835,0.091730006,13547788288,0.723
ALB,,-0.04656,19847827456,1.449
ARE,,-0.05856,9297564672,1.324
ALGN,33.69149,0.103870004,13773859840,1.831
ALLE,21.94046,0.36084,13949220864,1.038
LNT,22.330189,0.11299,18253383680,
ALL,5.423653,0.39518002,54003253248,0.235
GOOGL,29.164816,0.35705003,3810313371648,1.086
GOOG,29.157406,0.35705003,3809345273856,1.086
MO,16.400486,,113427841024,0.497
AMZN,29.344973,0.22286,2255514238976,1.385
AMCR,37.962406,0.07734,23328688128,0.668
AEE,21.12284,0.11337,30417821696,0.586
AEP,19.424925,0.12486,69971247104,0.623
AXP,22.523096,0.33992,238466662400,1.128
AIG,14.813997,0.07399,43403501568,0.598
AMT,29.874002,0.28839,87708139520,0.944
AWK,22.736378,0.10496,25250068480,0.78
AMP,14.367651,0.60508,43822694400,1.251
AME,36.485935,0.14594,53930057728,1.036
AMGN,26.316713,1.0610299,202015604736,0.472
APH,45.221558,0.36851,185660620800,1.21
ADI,78.20044,0.07862,173841891328,1.031
AON,19.08808,0.4694,69869010944,0.814
APA,6.952153,0.27427998,10397274112,0.698
APO,17.451895,0.14698,69488189440,1.564
AAPL,33.4488,1.5202099,3888777003008,1.107
AMAT,38.461063,0.38863,297947168768,1.677
APP,41.6597,2.12945,141644873728,2.49
APTV,106.09333,0.01948,17193439232,1.5
ACGL,8.490517,0.19540001,35715031040,0.381
ADM,30.43946,0.04721,32621072384,0.682
ARES,72.44706,0.13579,40350248960,1.524
ANET,48.28727,0.314,167220461568,1.444
AJG,37.719513,0.06906,55637872640,0.658
AIZ,13.24144,0.15899,11318505472,0.575
T,9.203947,0.18805,198362791936,0.608
ATO,23.594524,0.09237,29939486720,0.758
ADSK,44.073784,0.40333998,48346738688,1.453
ADP,20.622116,0.73843,86742122496,0.847
AZO,26.109354,,62347874304,0.406
AVB,23.972971,0.088879995,25118941184,0.754
AVY,22.428246,0.30212998,15221008384,0.986
AXON,136.88013,0.10028,34468622336,1.483
BKR,23.926924,0.14552,61478191104,0.859
BALL,20.160606,0.16122,18106064896,1.138
BAC,13.92651,0.1019,387470426112,1.273
BAX,,-0.13713,11102695424,0.585
BDX,30.292484,0.0696,67165888512,0.285
BRK-B,15.92202,0.1017,1074784239616,0.702
BBY,21.280529,0.22493,13547330560,1.469
TECH,108.528305,0.03966,8999193600,1.469
BIIB,21.846416,0.07394,28182040576,0.164
BLK,30.96376,0.10686,169679241216,1.488
BX,31.335917,0.29228002,149118271488,1.761
XYZ,10.70825,0.14692001,32442060800,2.668
BK,15.9716215,0.12898,82419695616,1.094
BA,93.560486,2.90084,182224076800,1.14
BKNG,26.526058,,132128301056,1.186
BSX,38.4433,0.12445,110603616256,0.657
BMY,17.531792,0.40442002,123532492800,0.295
AVGO,69.88445,0.31048,1577184657408,1.221
BR,19.56022,0.41793,20666857472,0.979
BRO,22.02215,0.11226,23759472640,0.786
BF-B,17.538012,0.20666,13891650560,0.399
BLDR,20.97723,0.10064,12224684032,1.549
BG,28.829786,0.05964,23580379136,0.754
BXP,34.988506,0.04916,10774308864,1.014
CHRW,39.349895,0.32911,22545074176,0.896
CDNS,76.360825,0.21855,80733331456,1.005
CPT,30.282486,0.08598,11405579264,0.83
CPB,13.829897,0.14815,7998941696,-0.036
COF,62.029762,0.02394,132499603456,1.124
CAH,32.247128,,52814327808,0.663
CCL,15.836634,0.25632998,44220321792,2.442
CARR,37.95266,0.10925,53611028480,1.335
CVNA,76.33107,0.67946,72980373504,3.573
CAT,40.3259,0.43526,355542794240,1.554
CBOE,27.704414,0.2336,30208776192,0.347
CBRE,38.184414,0.13572,43749142528,1.314
CDW,15.425743,0.43018,16335411200,1.051
COR,43.29496,1.33467,70241140736,0.685
CNC,,-0.28678,21263572992,0.488
CNP,27.215189,0.096429996,28073336832,0.593
CF,11.750906,0.23401,15740532736,0.689
CRL,,-0.04232,8313477632,1.62
SCHW,20.221504,0.18110001,170685071360,0.909
CHTR,6.3580112,0.28667998,29784860672,1.047
CVX,27.783987,0.0716,367741108224,0.672
CMG,32.929825,0.47355,49638318080,0.996
CB,12.918582,0.14337,130509332480,0.488
CHD,34.13245,0.1762,24752609280,0.468
CIEN,398.75003,0.04448,47383187456,1.147
CI,12.643662,0.1513,74878042112,0.283
CINF,10.737813,0.16036,25431017472,0.646
CTAS,43.294373,0.43396,80381378560,0.954
CSCO,28.489208,0.23754999,312926666752,0.865
C,16.595137,0.06831,207554871296,1.141
CFG,16.914509,0.07241,28041154560,1.071
CLX,20.229132,9.87179,15076773888,0.607
CME,27.631392,0.1475,110762180608,0.28
CMS,21.490086,0.108559996,23245088768,0.481
KO,26.263157,0.43323,343440457728,0.364
CTSH,14.260964,0.15158,31386499072,0.957
COIN,38.419285,0.10055,46205833216,3.703
CL,36.15589,4.9747,76853714944,0.291
CMCSA,5.8144712,0.2141,114199658496,0.793
FIX,62.116817,0.49238998,51589595136,1.668
CAG,,-0.0116,8835483648,-0.019
COP,17.378931,0.12357,136583938048,0.291
ED,19.197554,0.08767,39634337792,
STZ,24.554161,0.14454001,27230023680,0.44
CEG,33.773197,0.19839,106817609728,1.136
COO,44.95722,0.045939997,16713866240,1.027
CPRT,22.380367,0.17129,35313283072,1.083
GLW,76.23497,0.14904,119692337152,1.124
CPAY,23.466402,0.29071,24905693184,0.808
CTVA,43.605713,0.04974,51565105152,0.737
CSGP,831.1667,0.00252,21136041984,0.85
COST,52.914608,0.30325,437418196992,1.008
CTRA,14.481482,0.118549995,23815888896,0.36
CRH,24.758482,0.15684,82867765248,1.182
CRWD,,-0.088149995,97965449216,1.034
CCI,34.924603,,38326509568,0.984
CSX,27.474028,0.22511,78677843968,1.29
CMI,28.8982,0.23928,81970806784,1.119
CVS,55.172665,0.022869999,97565868032,0.501
DHR,41.650097,0.07053,148095549440,0.958
DRI,22.774633,0.54104,25271490560,0.614
DDOG,373.09677,0.03343,40558579712,1.286
DVA,15.849631,0.64848,10076149760,1.011
DECK,16.859375,0.39688,17298454528,1.146
DE,35.849026,0.19566,179584122880,1.004
DELL,16.346256,,81945378816,1.099
DAL,9.065274,0.27693,45353398272,1.338
DVN,10.46934,0.17736,27845844992,0.625
DXCM,34.96651,0.34497002,28502388736,1.488
FANG,12.360252,0.10901,50431369216,0.584
DLR,49.072624,0.05469,61453643776,1.148
DG,26.062283,0.16450001,33158705152,0.255
DLTR,25.42722,0.20066999,27435712512,0.744
D,21.555555,0.09204,56324120576,0.706
DPZ,22.465536,,13057093632,1.167
DASH,89.487305,0.10439,75980726272,1.795
DOV,29.236841,0.15285,31999215616,1.289
DOW,,-0.13818,21899141120,0.753
DHI,14.919999,0.13477,47775256576,1.45
DTE,21.73913,0.12177,30114035712,0.484
DUK,20.091917,0.09724,98591891456,0.51
DD,240.04762,0.0051700003,21120546816,1.16
ETN,35.730145,0.21525998,145356832768,1.18
EBAY,19.527716,0.40847,40247988224,1.38
ECL,41.83769,0.22516,86267346944,0.992
EIX,9.664482,0.24103001,28377659392,0.829
EW,44.07735,0.1042,46838841344,0.94
EA,75.056175,0.10027,50150842368,0.745
ELV,13.602936,0.1325,75686248448,0.503
EME,32.68154,0.37088,36385247232,1.161
EMR,36.337406,0.09646,83569336320,1.249
ETR,26.603579,0.10774,47052337152,
EOG,12.222444,0.18476999,67200868352,0.472
EPAM,21.198473,0.10335,7733516800,1.718
EQT,19.70684,0.09007,37756284928,0.728
EFX,37.186443,0.13757,24167927808,1.559
EQIX,67.548035,0.09722,91191377920,1.067
EQR,21.292517,0.100200005,24636973056,0.76
ERIE,22.019356,0.30444,14277226496,0.372
ESS,24.449568,0.12235,17588973568,0.738
EL,,-0.04341,41320079360,1.106
EG,9.057921,0.10847,14376644608,0.331
EVRG,21.98904,0.08569,18476988416,0.644
ES,16.131578,0.10777,27598913536,0.792
EXC,17.505495,0.09936,48884039680,0.566
EXE,34.74598,0.100659996,25736615936,0.449
EXPE,20.742098,0.48672,24933394432,1.382
EXPD,25.456028,0.36505002,21212807168,1.128
EXR,34.09598,0.07008,33849622528,1.264
XOM,21.98209,0.110810004,621104136192,0.358
FFIV,23.04553,0.20844,15815641088,1.008
FDS,12.407761,0.28831,7298758656,0.726
FICO,49.998146,,32035555328,1.269
FAST,42.40367,0.33291,53068845056,0.885
FRT,22.959402,0.12235,9327222784,1.018
FDX,21.51052,0.15886,91663974400,1.336
FIS,153.53125,0.011829999,25664460800,0.9
FITB,15.189801,0.121929996,48260595712,0.977
FSLR,18.54908,0.16864,25955694592,1.626
FE,21.826088,0.09195,28998809600,0.62
FISV,9.695583,,33414672384,
F,,-0.20193,55892549632,1.666
FTNT,33.05785,1.3571601,61301284864,1.047
FTV,36.654087,0.06396,18510405632,1.033
FOXA,13.673861,0.16823,24256083968,0.511
FOX,12.529976,0.16823,24393117696,0.511
BEN,25.620369,0.04464,14426880000,1.488
FCX,42.328945,0.13946,92387770368,1.434
GRMN,30.690506,0.19783,47911743488,0.999
IT,15.930571,0.86861,11080419328,1.036
GE,42.53036,0.44692,362033217536,1.384
GEN,23.041237,0.26902,13783605248,1.1
GNRC,43.65524,0.06283,13449800704,1.814
GD,22.730919,0.17658001,95020376064,0.398
GIS,9.595698,0.27173,23808432128,-0.063
GM,24.926607,0.04318,76037529600,1.365
GPC,20.320137,0.015,16423385088,0.73
GILD,22.330381,0.40655,187838889984,0.387
GPN,12.514416,0.04824,23092568064,0.75
GL,10.269559,0.21124001,11696100352,0.464
GDDY,15.627585,3.69454,12549019648,0.933
GS,17.9844,0.13885,279181492224,1.311
HAL,23.406668,0.12274,29549510656,0.75
HIG,10.674926,0.21656,39656833024,0.603
HAS,,-0.36355,14238594048,0.549
HCA,18.795904,,119034101760,1.365
DOC,169.9,0.01164,11808796672,1.107
HSIC,25.100946,0.08347999,9649326080,0.893
HSY,50.981613,0.1889,44971655168,0.169
HPE,,0.0023,28518973440,1.321
HLT,51.54323,,73440215040,1.11
HOLX,31.298754,0.108559996,16839363584,0.733
HD,26.038828,1.62909,380534259712,1.089
HON,32.271164,0.26136,164403986432,0.93
HRL,28.724138,0.06002,13747180544,0.33
HST,19.245283,0.11489,14210159616,1.159
HWM,69.38172,0.30443,103885250560,1.248
HPQ,7.0150943,,17376106496,1.196
HUBB,31.845825,0.24542,28001808384,1.005
HUM,17.757719,0.07039,22831437824,0.441
HBAN,12.956835,0.10095,36556562432,0.959
HII,28.413637,0.124239996,17171423232,0.329
IBM,23.084381,0.35158002,240376512512,0.691
IEX,32.368176,0.1234,15620605952,0.983
IDXX,48.56073,0.66202,50855784448,1.66
ITW,28.093334,0.93718004,85013241856,1.159
INCY,15.806553,0.2987,20164147200,0.847
IR,65.93103,0.057729997,37772554240,1.309
PODD,70.521866,0.18124,17027250176,1.418
INTC,,0.00022,220337324032,1.377
IBKR,33.51126,0.23507999,126466850816,1.224
ICE,26.645327,0.11885,87813193728,1.033
IFF,,-0.02649,20859205632,1.042
IP,,-0.24678,24749154304,1.071
INTU,26.100822,0.21987,105945112576,1.234
ISRG,64.128494,0.16690001,179003392000,1.662
IVZ,,-0.01219,11781608448,1.66
INVH,26.631578,0.060939997,15509421056,0.834
IQV,21.15198,0.21438,28205084672,1.361
IRM,225.08163,,32627664896,1.179
JBHT,37.607845,0.15787,21915453440,1.263
JBL,42.35781,0.47823003,28958636032,1.24
JKHY,22.839312,0.24284,11521716224,0.71
J,36.39314,0.09726,16287920128,0.766
JNJ,21.984589,0.35029998,584376451072,0.347
JCI,48.251675,0.12640001,88008990720,1.428
JPM,15.531734,0.16134001,846051934208,1.053
KDP,25.465519,0.06291,40132546560,0.355
KEY,14.605264,0.09482,24473303040,1.068
KEYS,48.513943,0.1582,41844338688,1.201
KMB,22.432098,1.26603,36186173440,0.277
KIM,28.256098,0.055370003,15690586112,1.076
KMI,23.89051,0.09826,72817909760,0.691
KKR,43.23932,0.08946,93694746624,1.971
KLAC,43.475735,1.00726,196562927616,1.455
KHC,,-0.12837,28883372032,0.047
KR,58.725666,0.07997,43975327744,0.629
LHX,41.6538,0.08191,66617004032,0.64
LH,27.76719,0.10509,23489878016,0.996
LRCX,50.29158,0.65565,307626868736,1.776
LW,17.48913,0.23164,6726544384,0.428
LVS,24.685106,0.73263,39222558720,0.885
LDOS,16.214954,0.31034002,22259587072,0.62
LEN,14.593985,0.08406,28764076032,1.461
LII,24.627304,0.75833,19676182528,1.188
LLY,44.045376,1.01159,952338219008,0.394
LIN,34.007534,0.17817,232818278400,0.847
LYV,117.87681,0.36701,37773479936,1.138
LMT,30.673813,0.76865,152319918080,0.23
L,13.772899,0.09431,22685020160,0.605
LOW,23.208609,,157268344832,0.978
LULU,13.025035,0.41017,22211749888,1.014
LYB,,-0.10584,18240540672,0.707
MTB,13.677648,0.09797,36335738880,0.577
MPC,14.883509,0.24292,59146547200,0.708
MAR,36.62421,,92196077568,1.101
MRSH,21.271648,0.29352,87850606592,0.737
MLM,35.21253,0.10159001,41367080960,1.141
MAS,19.468912,71.5,15301072896,1.285
MA,31.845732,2.09915,469788098560,0.821
MTCH,13.373949,,7659002880,1.315
MKC,23.37884,0.14243001,18388019200,0.613
MCD,27.550629,,234939990016,0.528
MCK,27.320644,,116944281600,0.413
MDT,26.249323,,124234194944,0.718
MRK,16.817057,0.37166,305378983936,0.296
META,27.936089,0.30238,1658528202752,1.284
MET,16.342974,0.12020001,52118327296,0.738
MTD,32.7832,,28141203456,1.436
MGM,48.407898,0.1489,10062302208,1.404
MCHP,,-0.010930001,42062462976,1.438
MU,40.661922,0.22554001,481909309440,1.505
MSFT,24.873512,0.34390998,2952363507712,1.084
MAA,35.309525,0.07645,16019548160,0.782
MRNA,,-0.28868,19485886464,1.338
MOH,16.928251,0.11022,7776500224,0.493
TAP,,-0.18172,9860105216,0.491
MDLZ,31.11111,0.09332,75873083392,0.401
MPWR,94.365204,0.17940001,58650505216,1.455
MNST,47.59091,0.25538,81835294720,0.45
MCO,35.96948,0.62078,80320389120,1.439
MS,17.180216,0.15729,278780739584,1.179
MOS,7.6243525,0.101169996,9341314048,0.961
MSI,36.238056,1.04197,77074989056,1.002
MSCI,34.723038,,40884170752,1.281
NDAQ,26.495148,0.15253,46747398144,1.024
NTAP,17.85366,1.25346,20456892416,1.387
NFLX,31.094862,0.42762002,333709443072,1.712
NEM,19.023363,0.22343999,134153658368,
NWSA,30.714287,0.06329,13748874240,0.968
NWS,34.48052,0.06329,14716454912,0.968
NEE,27.933334,0.083739996,192059047936,0.761
NKE,38.245613,0.17950001,96817070080,1.279
NI,24.405262,0.0907,21943791616,0.651
NDSN,34.13765,0.17473,16198309888,1.002
NSC,24.821823,0.19248,71016415232,1.324
NTRS,16.56293,0.13492,27376629760,1.276
NOC,24.873152,0.26167,103266525184,0.039
NCLH,17.489208,0.39870998,11067310080,2.03
NRG,26.823353,0.64186996,38683062272,1.282
NUE,23.9375,0.09361,41196847104,1.843
NVDA,46.98515,1.07359,4621547864064,2.314
NVR,17.361212,0.33185002,21524598784,1.035
NXPI,29.253149,0.20698999,58558656512,1.458
ORLY,31.481482,,78923726848,0.616
OXY,38.117645,0.05929,51073310720,0.371
ODFL,41.695652,0.2393,42325762048,1.269
OMC,12.280236,0.008169999,26421661696,0.744
ON,238.31035,0.01498,27808370688,1.542
OKE,16.053308,0.17847,54996590592,0.918
ORCL,27.834585,0.69026,425595404288,1.633
OTIS,26.477142,,36114964480,1.012
PCAR,28.48337,0.12922,67492888576,1.044
PKG,27.614668,0.16903,21343868928,0.898
PLTR,211.31252,0.25983,322335932416,1.687
PANW,94.11392,0.16259001,120160681984,0.75
PSKY,357.0,0.01279,11814920192,1.207
PH,37.307663,0.25781,129022320640,1.242
PAYX,20.642532,0.40884998,32752189440,0.888
PAYC,14.196782,0.27417,6298280448,0.796
PYPL,7.6987066,0.25732002,38969905152,1.419
PNR,25.961832,0.17478001,16725906432,1.221
PEP,27.49,0.42848,225529085952,0.416
PFE,19.595589,0.085760005,151524114432,0.441
PCG,15.559323,0.08207,40354693120,0.374
PM,25.261705,,285495033856,0.409
PSX,14.434662,0.16017,62942351360,0.867
PNW,20.276289,0.087749995,11770353664,0.545
PNC,14.042797,0.12158,94193008640,0.968
POOL,20.20237,0.33058998,8270416896,1.23
PPG,18.284681,0.21275999,28557819904,1.16
PPL,25.469387,0.08157,27695835136,
PFG,14.041056,0.10524,21037883392,0.883
PG,23.81926,0.31562,375699996672,0.38
PGR,10.618107,0.40448,119631699968,0.318
PLD,39.638653,0.06127,131443965952,1.439
PRU,10.354355,0.11359999,35997122560,0.951
PEG,20.569712,0.12579,42712604672,0.616
PTC,22.817646,0.23141001,18463436800,1.034
PSA,33.88889,0.18763,53529464832,0.992
PHM,12.591727,0.17673999,26929752064,1.343
PWR,81.99703,0.12739,82410381312,1.133
QCOM,28.806452,0.2148,152602296320,1.238
DGX,23.15904,0.14751,22516566016,0.675
RL,26.174711,0.33846,23348473856,1.487
RJF,15.485322,0.17124,31251585024,0.996
RTX,41.314514,0.109519996,275061571584,0.418
O,61.81308,0.02488,60723515392,0.801
REG,27.251774,0.07683,14351334400,0.942
REGN,18.796288,0.14864999,82426560512,0.413
RF,13.069565,0.1165,26358906880,1.027
RSG,32.566765,0.18301001,68531367936,0.554
RMD,25.63007,0.25676,37822783488,0.877
RVTY,48.703884,0.03216,11645561856,1.089
HOOD,37.12683,0.21993999,68600107008,2.44
ROK,45.680416,0.23736,44837228544,1.527
ROL,56.2844,0.38944,29515008000,0.788
ROP,23.647184,0.07929,36143575040,0.93
ROST,31.427458,0.37425,65516830720,0.993
RCL,20.198076,0.47731,85929123840,1.868
SPGI,28.49693,0.13087,126412947456,1.201
CRM,24.688,0.12184,176272326656,1.276
SBAC,25.130981,,21263581184,0.87
SLB,21.638298,0.13904001,76037603328,0.701
STX,46.505653,,89652019200,1.635
SRE,28.784616,0.0677,61058359296,0.752
NOW,62.437126,0.15488,110019756032,0.978
SHW,35.08074,0.59391,89917071360,1.259
SPG,14.224259,1.04109,76077842432,1.396
SWKS,23.007664,0.06485,9029935104,1.317
SJM,,-0.17438,11776919552,0.23
SW,33.38356,0.03911,25461805056,1.006
SNA,20.118874,0.18327999,20068675584,0.787
SO,23.457712,0.11043,103834198016,0.447
LUV,65.93671,0.04812,26938607616,1.107
SWK,34.701885,0.04522,14243220480,1.204
SBUX,81.24166,,111070355456,0.937
STT,13.61064,0.11078,35735236608,1.442
STLD,24.204006,0.13284001,28467896320,1.448
STE,34.958157,0.10468,24600547328,1.044
SYK,45.26548,0.15079,145509711872,0.869
SMCI,23.664232,0.13193,19419236352,1.523
SYF,7.9062505,0.21304001,26425755648,1.402
SNPS,54.650932,0.0716,84168531968,1.126
SYY,24.2938,0.82345,43166019584,0.602
TMUS,22.166666,0.18177,240993452032,0.435
TROW,10.322511,0.18791,20815443968,1.544
TTWO,,-0.86217004,36983242752,0.931
TPR,60.887596,0.55337,32148430848,1.608
TRGP,31.137283,0.53963,49784635392,0.868
TGT,14.144242,0.25094998,53023838208,1.136
TEL,33.7741,0.16097,68901584896,1.235
TDY,35.45705,0.08926,31397062656,1.014
TER,93.3477,0.19734,51675037696,1.821
TSLA,384.87848,0.049250003,1545326559232,1.887
TXN,40.317432,0.30148,199651737600,0.995
TPL,72.44637,0.37152,34460844032,0.928
TXT,19.68164,0.12242,17550348288,0.978
TMO,28.817259,0.13024001,191960514560,0.949
TJX,34.929356,0.58396,176100294656,0.738
TKO,80.580154,0.08129,17340739584,0.233
TTD,28.522728,0.16783,12272466944,1.091
TSCO,25.708738,0.45183998,27984252928,0.726
TT,35.57654,0.36956,103578722304,1.211
TDG,43.109467,,75616968704,0.895
TRV,11.112609,0.20698999,68018728960,0.517
TRMB,38.420456,0.07322,16091470848,1.576
TFC,13.696335,0.08236,66930167808,0.855
TYL,44.02917,0.08901,13714427904,0.897
TSN,114.03571,0.012560001,22483763200,0.465
USB,12.69697,0.12184,91216306176,1.057
UBER,15.615222,0.39925998,153468551168,1.206
UDR,32.893803,0.09378,13994097664,0.707
ULTA,26.174397,0.47967,30619670528,0.832
UNP,22.230576,0.40377,157901471744,0.987
UAL,11.081372,0.23987,36592103424,1.263
UPS,17.794209,0.33772,99032055808,1.087
URI,23.52769,0.28357,57846804480,1.676
UNH,21.936459,0.12538,262693191680,0.415
UHS,10.965271,0.20028,14668082176,1.269
VLO,26.520473,0.082779996,62366441472,0.722
VTR,159.14815,0.0217,40818511872,0.772
VRSN,24.507378,,20014858240,0.753
VRSK,28.076923,4.3794603,25497982976,0.804
VZ,12.130542,0.17069,207687254016,0.316
VRTX,31.149574,0.22541,121148907520,0.319
VTRS,,-0.21087,18379118592,0.796
VICI,11.441064,0.10357001,32160534528,0.705
V,30.107882,0.53954,618804346880,0.78
VST,61.654675,0.1731,58074689536,1.443
VMC,36.08629,0.12972,40338243584,1.055
WRB,15.973035,0.19600001,27011905536,0.36
GWW,31.847132,0.46098998,53910286336,1.108
WAB,38.767204,0.11096,45266042880,1.015
WMT,45.05128,0.21847,980580958208,0.671
DIS,15.549337,0.12024,187234205696,1.419
WBD,151.3158,0.00969,71285243904,1.616
WM,34.374626,0.29696,92892258304,0.586
WAT,30.949858,0.29279,32696180736,1.178
WEC,23.771309,0.11576,37213265920,0.583
WFC,14.169328,0.11732,278436773888,1.062
WELL,146.61269,0.025390001,145265098752,0.832
WST,35.45882,0.16855,17371105280,1.19
WDC,26.961283,0.41126,97619083264,1.839
WY,56.17778,0.03384,18223366144,1.033
WSM,23.689085,0.56918997,25650139136,1.642
WMB,34.102802,0.18555,89181560832,0.665
WTW,18.55009,0.20076,28897890304,0.619
WDAY,58.147682,0.073359996,36795269120,1.124
WYNN,36.5828,,11943784448,1.014
XEL,23.84503,0.09916,48240070656,0.476
XYL,32.82398,0.08396,31344011264,1.163
YUM,29.428827,,45349036032,0.657
ZBRA,31.261934,0.116809994,12939131904,1.656
ZBH,27.816902,0.05599,19570427904,0.608
ZTS,21.42762,0.65992,56752472064,0.961
AA,13.68552,0.19919,15664735232,1.865
AAL,79.94118,,8973491200,1.225
AAON,84.545456,0.120790005,8351164416,1.108
ACI,11.623377,0.29655,9832604672,0.316
ACM,21.65708,0.28155002,12656063488,1.065
ADC,44.20339,0.0348,9418211328,0.537
AEIS,85.36856,0.11637,12504261632,1.41
AFG,12.91766,0.18312,10862379008,0.687
AGCO,14.128205,0.16691,10279396352,1.169
AHR,432.75,0.011030001,9672718336,1.017
AIT,26.879887,0.22017,10635319296,0.822
ALGM,,-0.01365,7213373440,1.64
ALK,63.3494,0.023559999,6027847680,1.172
ALLY,17.772152,0.05796,12993724416,1.16
ALV,12.88691,0.30238,9349055488,1.328
AM,25.151161,0.20216998,10301828096,0.775
AMG,12.656841,0.19931999,8173867008,1.177
AMH,25.01695,0.066,12471694336,0.801
AMKR,31.96,0.086569995,11855995904,1.947
AN,11.823357,0.27055,6993131520,0.876
ANF,9.279115,0.40890998,4538001408,1.162
APG,123.99999,0.087139994,19245557760,1.706
APPF,44.38917,0.26542,6198544896,0.742
AR,17.50739,0.09035,10964978688,0.522
ARMK,34.38655,0.100439996,10755248128,1.166
ARW,14.366879,0.09122,8088828416,1.04
ARWR,39.743748,0.75496,8904646656,1.222
ASB,10.31047,0.09911,4740823040,0.794
ASGN,17.403847,0.0634,1981949952,0.851
ASH,,-0.29978,2965403136,0.418
ATI,55.94014,0.21621999,21897390080,1.011
ATR,24.626486,0.15100999,9518058496,0.485
AVAV,,-0.02637,13213560832,1.239
AVNT,47.831463,0.03545,3897863680,1.437
AVT,27.365852,0.04242,5511014912,0.936
AVTR,,-0.09204,6158964736,0.947
AXTA,19.816092,0.17429,7357133312,1.29
AYI,23.926096,0.15612,9550162944,1.503
BAH,11.45549,0.75081,9311092736,0.349
BBWI,7.5479875,,5026853376,1.458
BC,,-0.077259995,5796061184,1.387
BCO,33.20611,0.44395,5436928512,1.074
BDC,24.710169,0.18562001,5776176128,1.214
BHF,4.489466,0.16176,3655779584,0.958
BILL,,-0.00636,4627238912,1.263
BIO,9.737975,0.108380005,7322493440,1.18
BJ,22.20046,0.29241,12694437888,0.368
BKH,18.429647,0.08004,5536079872,0.736
BLD,26.38129,0.26179,14601801728,1.721
BLKB,20.72996,1.08517,2350093312,1.099
BMRN,23.821562,0.09074,12310686720,0.263
BRBR,13.131035,,2254819840,0.723
BRKR,,-0.0038400001,5816307200,1.18
BROS,76.26563,0.14115,8031440384,2.55
BRX,23.728,0.12888,9093451776,1.072
BSY,41.26829,0.24120001,10274871296,1.195
BURL,36.239082,0.41924998,19839627264,1.739
BWA,46.03125,0.05919,12604644352,1.062
BWXT,61.808384,0.26716,18874136576,0.828
BYD,3.820922,0.8656,6911878656,1.206
CACI,25.129932,0.1318,12942926848,0.597
CAR,,,3395453952,2.282
CASY,40.984028,0.16989,24731797504,0.675
CBSH,13.373762,0.1597,7961705984,0.596
CBT,13.220281,0.21825,3948997888,0.865
CCK,17.99373,0.26327,13241938944,0.72
CDP,24.216417,0.10135,3751499008,0.883
CELH,402.6667,0.030580001,12456185856,0.882
CFR,14.66129,0.15311,9192069120,0.623
CG,29.904495,0.14095001,19184650240,2.044
CGNX,82.39706,0.07606,9284614144,1.534
CHDN,17.038181,0.37037,6571350016,0.64
CHE,25.127378,0.24114001,6927529472,0.457
CHH,13.588163,5.44206,5099241984,0.772
CHRD,35.60135,0.02025,6033859072,0.728
CHWY,53.97959,0.59593,10976712704,1.596
CLF,,-0.21576999,6074658816,1.958
CLH,39.54028,0.14701,15268667392,0.948
CMC,19.896374,0.10511,8528482304,1.456
CNH,27.208334,0.064770006,16335711232,1.351
CNM,24.732456,0.23968,11132797952,0.981
CNO,18.791306,0.08928,4121178880,0.844
CNX,10.168342,0.15012999,5763035648,0.666
CNXC,,-0.37704,2045156864,0.478
COHR,243.31372,0.032360002,46529245184,1.868
COKE,25.957266,1.68341,12138398720,0.646
COLB,13.808696,0.08489,9500082176,0.68
COLM,19.824076,0.101560004,3517881600,0.879
COTY,,-0.12592,2367217152,0.918
CPRI,,-1.95589,2639435264,1.433
CRBG,,-0.02967,14959922176,0.938
CROX,,-0.0519,5193642496,1.552
CRS,45.264812,0.23493999,19415889920,1.267
CRUS,18.75198,0.19865999,7253459456,1.136
CSL,23.807915,0.3487,17091217408,0.939
CUBE,26.0,0.12413,9237994496,1.126
CUZ,99.83333,0.0086199995,4025447424,1.193
CVLT,47.395836,0.34485,4012586752,0.587
CW,54.926243,0.19434,26083348480,0.925
CXT,20.84,0.124989994,2991688192,1.33
CYTK,,,8306679296,0.553
DAR,132.3077,0.01525,8162401280,1.279
DBX,14.477273,,6663711232,0.63
DCI,33.570095,0.24964,12481999872,1.014
DINO,24.113747,0.0622,9518659584,0.811
DKS,16.80766,0.23786,18554286080,1.256
DLB,25.902834,0.094569996,6112637440,0.848
DOCS,21.470587,0.23815,4810330624,1.385
DOCU,31.104897,0.15224,8908131328,1.008
DT,59.0,0.06961,10672685056,0.812
DTM,34.445568,0.09415,13833754624,0.793
DUOL,14.224181,0.36246,5220917760,0.852
DY,42.379684,0.21903999,12877770752,1.37
EEFT,10.599415,0.24533,3048239360,0.791
EGP,39.695473,0.075840004,10292049920,1.127
EHC,19.198198,0.2482,10720632832,0.582
ELAN,356.85715,0.00542,12411650048,1.857
ELF,53.11864,0.10775,5607048704,1.68
ELS,33.606968,0.22099,13529473024,0.771
ENS,21.516771,0.16712,6393031680,1.102
ENSG,36.13036,0.16895,12240875520,0.873
ENTG,86.767746,0.06164,20429031424,1.321
EPR,25.328947,0.08415,4397104640,0.973
EQH,,-0.38723,12670446592,1.094
ESAB,28.712055,0.12891,7971887616,
ESNT,8.747826,0.121470004,5834705920,0.902
EVR,23.371796,0.31816998,12691837952,1.562
EWBC,12.742646,0.15945,16690508800,0.886
EXEL,15.694245,0.35527,11697733632,0.423
EXLS,20.317568,0.25962,4856700416,0.876
EXP,17.79879,0.28773,7544630272,1.371
EXPO,34.561577,0.2613,3543159808,0.776
FAF,11.226666,0.11964,6863984128,1.291
FBIN,21.991903,0.124230005,6525915648,1.505
FCFS,24.757086,0.15257,8096410112,0.484
FCN,20.693981,0.13295999,5229727744,0.076
FFIN,18.83051,0.14392,4773059584,0.841
FHI,10.892788,0.34305,4334056448,0.72
FHN,13.502674,0.10935,12432951296,0.618
FIVE,39.513462,0.17267,12139522048,1.132
FLEX,29.452915,0.1685,24287830016,1.23
FLG,,-0.0217,5798789632,1.082
FLO,25.175,0.06178,2126564608,0.325
FLR,2.7116163,-0.01706,8679759872,1.381
FLS,33.689392,0.17176001,11305654272,1.305
FN,52.361458,0.18722999,19566313472,1.028
FNB,11.75,0.08658,6564643328,0.919
FND,34.495,0.091129996,7434095104,
FNF,23.588236,0.07758,14144784384,1.029
FOUR,27.331776,0.14226,5183339008,1.608
FR,33.19786,0.09594,8480549376,1.142
FTI,28.5991,0.29558,26095437824,0.727
G,12.437699,0.22373,6712093696,0.735
GAP,12.959459,0.25096,10700188672,2.274
GATX,23.191587,0.10975,7082956288,1.202
GBCI,25.25,0.06427,6563571712,0.738
GEF,30.842974,,4258439168,0.964
GGG,30.224026,0.19925,15433773056,1.081
GHC,6.609468,0.17004,4775370240,0.761
GLPI,16.935484,0.17617,13372144640,
GME,26.625,0.083459996,10496862208,2.115
GMED,29.317152,0.10009,12234835968,1.061
GNTX,13.775862,0.15502,5261159936,0.763
GPK,8.459459,0.13984,3695003392,0.628
GT,,-0.41332,2559048448,1.103
GTLS,238.12643,0.02525,9312903168,1.732
GTM,16.973684,0.07757,1969150464,1.057
GWRE,120.433975,0.06566,10853548032,1.065
GXO,234.24998,0.0119,7510841856,1.717
H,,-0.0130900005,16233340928,1.231
HAE,16.856749,0.19297001,2864283648,0.267
HALO,14.974685,1.53593,8347035648,0.977
HGV,88.25455,0.04082,4277156864,1.441
HIMS,29.490568,0.26207,3558146304,2.466
HL,77.48387,0.13893,16095770624,1.24
HLI,25.778803,0.20472999,11758931968,0.957
HLNE,19.076649,0.31697,5972115456,1.289
HOG,7.2338133,0.10424,2444427776,1.417
HOMB,12.510638,0.115150005,5783281152,0.772
HQY,36.190365,0.09009,6822472704,0.244
HR,,-0.04998,6459270656,0.819
HRB,7.1004667,,3852228352,0.346
HWC,12.553792,0.113199994,5951581696,1.054
HXL,65.649635,0.07874,7159752192,1.03
IBOC,10.58284,0.14309,4447204352,0.73
IDA,24.077454,0.09373,7560386560,0.599
ILMN,21.590826,0.33359,17991743488,1.449
INGR,10.479427,0.18101,7443190784,0.681
IPGP,183.04109,0.01498,5629018624,1.028
IRT,69.0,0.01611,4058104320,1.004
ITT,33.792145,0.14291,17764681728,1.358
JAZZ,,-0.09064999,10463145984,0.252
JEF,18.74035,0.06579,11039381504,1.447
JHG,9.598471,0.16203,7497631744,1.536
JLL,24.04288,0.10913,14877707264,1.407
KBH,10.617887,0.10772,4229134336,1.493
KBR,13.388714,0.28428,5502825984,0.505
KD,11.914287,0.19896999,2869794048,1.925
KEX,20.718355,0.10553,7306451968,0.854
KMPR,14.113537,0.04863,1897655424,1.124
KNSL,17.239613,0.29253,8700452864,1.002
KNX,150.48781,0.00923,10016316416,1.149
KRC,13.896553,0.05382,3857633280,1.097
KRG,40.54688,0.092530005,5831166976,0.883
KTOS,739.07697,0.01203,16365224960,1.094
LAD,9.082894,0.12412,7121020928,1.179
LAMR,31.524704,0.56651,13569974272,
LEA,16.533743,0.10755,6989505536,1.295
LECO,30.66774,0.37217999,15790442496,1.266
LFUS,,-0.02963,9221841920,1.422
LITE,192.44093,0.29275,47678779392,1.526
LIVN,,-0.17629999,3736110080,0.94
LNTH,30.651453,0.14588,5022728192,-0.093
LOPE,21.173622,0.28243,4418680320,0.708
LPX,26.304207,0.08583,5660620800,1.779
LSCC,4888.0,0.00433,13372238848,1.674
LSTR,46.26586,0.13009,5215753728,0.831
M,13.182352,0.11257,5958440448,1.525
MANH,40.18663,0.71656996,8693457920,1.028
MASI,,-0.21142,9405313024,1.265
MAT,14.040322,0.17682,5609501696,0.686
MEDP,29.677567,0.70235,12878574592,1.402
MIDD,,-0.06197,8148713472,1.398
MKSI,62.92961,0.11704001,17415028736,1.943
MLI,17.504374,0.25614,13330516992,1.02
MMS,11.31595,0.22086,4024593920,0.552
MORN,17.979706,0.26347,6559284736,1.085
MP,,-0.06834,9807934464,1.559
MSA,27.794075,0.22222,7715305472,0.975
MSM,25.574932,0.14694999,5237698560,0.818
MTDR,8.395834,0.16128,6522263040,1.092
MTG,8.347134,0.14309,5678841856,0.823
MTN,20.521551,0.46727002,5135196672,0.79
MTSI,109.72522,0.12946,18272165888,1.43
MTZ,67.58572,0.11773,22398810112,1.93
MUR,46.84722,0.02615,4814580224,0.734
MUSA,16.182158,0.64307,7306247168,0.386
MZTI,25.393568,0.17878,4557728768,0.405
NBIX,27.543898,0.16383,12909753344,0.314
NEU,13.736049,0.2585,5736432640,0.5
NFG,12.417015,0.20665,8460202496,0.598
NJR,16.486069,0.13659,5370006016,0.599
NLY,7.8835616,0.14220001,16537268224,1.302
NNN,21.425121,0.088879995,8423813632,0.832
NOV,52.28205,0.02369,7437310464,0.91
NOVT,99.9726,0.06844,5250711552,1.618
NSA,58.77049,0.06245,5280945152,1.207
NTNX,52.421055,,10772733952,0.479
NVST,104.0,0.01556,4788092416,1.003
NVT,45.123554,0.12299,18858090496,1.309
NWE,23.445578,0.06306,4235308800,0.35
NXST,14.446941,0.21348,7018694144,0.814
NYT,37.31579,0.17606,12698238976,1.107
OC,,-0.01602,11098214400,1.349
OGE,19.016064,0.09788,9760519168,0.622
OGS,19.93473,0.080740005,5131117568,0.809
OHI,24.005154,0.11984,14147034112,0.553
OKTA,67.53636,0.02964,13166433280,0.767
OLED,22.42888,0.14333999,4947721216,1.647
OLLI,30.113575,0.12964,6667461120,0.531
OLN,,-0.02179,2777718016,1.598
ONB,14.078213,0.090229996,9847479296,0.83
ONTO,60.960564,0.067930005,10745392128,1.48
OPCH,28.325396,0.15025,5792310272,0.84
ORA,53.17431,0.052750003,7045825024,0.805
ORI,11.080646,0.16314,10199888896,0.789
OSK,17.516966,0.14903,11233335296,1.406
OVV,54.3871,0.0226,14331108352,0.729
OZK,8.035484,0.12089,5573754368,0.925
PAG,11.831683,0.17355,11049223168,0.897
PATH,25.714287,0.12562001,5775297024,1.072
PB,12.854896,0.072119996,7172329984,0.674
PBF,,-0.02884,4019943936,0.406
PCTY,24.861177,0.20989001,5745960960,0.546
PEGA,21.295774,0.57316,7698625536,1.069
PEN,81.38129,0.13319,13312980992,0.805
PFGC,44.280544,0.0775,15373706240,0.913
PII,,-0.43705,3760292096,1.19
PINS,29.131147,0.087790005,12004663296,0.891
PK,,-0.08306,2249026816,
PLNT,37.151638,,7635771392,1.239
PNFP,12.877551,0.09526,15171671040,1.011
POR,19.06909,0.077199996,5898920448,0.688
POST,19.623161,0.08672,5567524864,0.371
PPC,9.193833,0.27264,9915231232,0.426
PR,16.035713,0.08989,13378827264,0.664
PRI,11.402008,0.31934,8337113088,0.912
PSN,30.198154,0.1165,6998199808,0.665
PSTG,194.55263,0.09267,24409589760,1.273
PVH,11.035168,0.06704,3472804608,1.695
QLYS,17.033089,0.38202,3344644352,0.568
R,18.687239,0.16243,8834059264,0.951
RBA,49.223812,0.072569996,19244544000,0.547
RBC,65.78588,0.08663999,17680689152,1.501
REXR,43.790695,0.025020001,8980761600,1.246
RGA,12.655738,0.097229995,14712012800,0.511
RGEN,13568.0,0.00085,7637528064,1.127
RGLD,39.222527,0.10985,24099024896,0.647
RH,37.564194,,3900691456,2.118
RLI,13.929062,0.24443,5592674816,0.478
RMBS,48.64455,0.18547001,11049209856,1.519
RNR,5.336427,0.19681999,13020744704,0.226
ROIV,,-0.19143999,19431284736,1.233
RPM,22.267822,0.22830999,14818237440,1.102
RRC,16.684874,0.14217,9458568192,0.585
RRX,51.27619,0.0428,14297679872,1.1
RS,23.200727,0.10293,16777867264,0.897
RYAN,87.87234,0.18208,10934738944,0.619
RYN,48.212765,0.0363,6887057920,0.996
SAIA,43.283913,0.104329996,10966909952,2.084
SAIC,11.497442,0.23752001,4137838080,0.292
SAM,27.32558,0.09583,2558826496,1.019
SARO,57.071426,0.09854999,10637273088,
SATS,,-0.97757006,31770030080,1.014
SBRA,31.140627,0.05589,5025264128,0.649
SCI,20.842104,0.32726002,11102363648,1.012
SEIC,14.456483,0.28957,9965343744,0.949
SF,20.392857,0.11951,12210236416,1.117
SFM,13.07752,0.38435,6594562048,0.766
SGI,57.721516,0.20910999,19143577600,1.281
SHC,87.45,0.108610004,4968802816,1.828
SIGI,11.361815,0.13863,5140815872,0.225
SLAB,,-0.059699997,6744100864,1.536
SLGN,17.933332,0.13528,5180609536,0.716
SLM,6.531792,0.32305,4588673536,1.138
SMG,25.07527,,4060461056,1.974
SNX,16.225904,0.10041001,13046638592,1.37
SON,30.513514,0.19974001,5567833600,0.529
SPXC,51.551064,0.12765001,12074660864,1.316
SR,19.811815,0.08467,5350605312,0.673
SSB,13.397714,0.106850006,10598339584,0.718
SSD,24.274273,0.17996,8324292608,1.366
ST,,0.01086,5586779136,1.152
STAG,27.07534,0.07757,7709759488,1.051
STRL,42.73798,0.3692,13378286592,1.505
STWD,17.533981,0.05406,6861559808,1.131
SWX,27.634068,0.062280003,6323310080,0.637
SYNA,,-0.04486,3286083328,1.68
TCBI,15.466863,0.09436,4793488896,0.649
TEX,20.471472,0.11255,7750928896,1.662
THC,15.628823,0.27021,20311894016,1.44
THG,9.7193365,0.20604,6182884352,0.323
THO,21.52462,0.06713,6005114368,1.41
TKR,26.316301,0.10026,7521911296,1.208
TMHC,8.740026,0.12985,6636507648,1.593
TNL,12.612583,,4952265728,1.354
TOL,12.008896,0.17001,15390485504,1.465
TREX,22.679348,0.20502001,4475742208,1.591
TRU,32.844826,0.10602,14798039040,1.703
TTC,32.100945,0.21037,9962781696,0.818
TTEK,27.30827,0.19917,9472530432,0.897
TTMI,64.24405,0.1067,11152485376,1.749
TWLO,538.7619,0.00429,17359476736,1.309
TXNM,32.805557,0.06494,6431806464,0.176
TXRH,27.342508,0.29021,11882698752,0.873
UBSI,13.541285,0.08859,6171978752,0.775
UFPI,20.327776,0.10163,6394895360,1.483
UGI,14.2342005,0.12503,8224937472,1.087
ULS,48.00599,0.31011,16115150848,
UMBF,13.654467,0.12588,9635610624,0.775
UNM,17.248243,0.06689,12323947520,0.177
USFD,32.894558,0.15303001,21560664064,1.004
UTHR,17.952976,0.20041001,21411018752,0.856
VAL,17.128801,0.17177999,6662024704,1.183
VC,8.332736,0.14387,2535135232,1.162
VFC,37.245613,0.12927,8306520064,1.673
VLY,13.227722,0.07846,7450011136,1.093
VMI,40.48711,0.2186,9302159360,1.199
VNO,6.9214287,0.14445,6068336640,1.516
VNOM,18.781893,0.0438,14888025088,0.431
VNT,14.840579,0.35143003,5943296000,1.285
VOYA,11.879173,0.11237001,7110574080,0.877
VVV,56.130436,0.33011,4930941952,1.196
WAL,10.694159,0.13520999,10274610176,1.323
WBS,12.388135,0.10767999,11784745984,1.044
WCC,22.775307,0.1286,14452102144,1.451
WEX,18.57969,0.22333,5395985408,0.969
WFRD,17.612143,0.30681,7491484672,0.758
WH,19.461893,0.34526002,6434540544,0.758
WHR,14.927562,0.120749995,4775264768,1.218
WING,42.352276,,7285028352,1.815
WLK,,-0.08701,12108985344,0.888
WMG,52.438595,0.39843,15612926976,1.237
WMS,28.387686,0.27569,13289765888,1.295
WPC,34.303318,0.05709,15861777408,0.786
WSO,31.851593,0.18694,16671728640,1.036
WTFC,13.722564,0.12113,10468178944,0.849
WTRG,16.116667,0.10286,10949643264,0.815
WTS,32.15453,0.18246001,10896066560,1.246
WWD,49.501255,0.20381,23640535040,1.002
XPO,79.49621,0.18255,24635435008,1.793
XRAY,,-0.44404998,2502381568,1.022
YETI,24.833334,0.2379,3872771072,1.766
ZION,10.399334,0.13515,9228311552,0.815
AAMI,24.085972,1.24605,1906268032,1.317
AAP,49.44248,0.031140001,3357786880,1.165
AAT,21.249998,0.06443,1516541824,0.978
ABCB,13.955001,0.10531,5720027136,0.976
ABG,9.000398,0.13333,4446843392,0.795
ABM,17.586872,0.09104,2669155840,0.724
ABR,9.430379,0.06595,1578538752,1.326
ACA,41.827816,0.05921,6195367424,1.001
ACAD,15.47742,0.34952,4058671872,0.66
ACHC,14.474139,0.036930002,1518559232,0.875
ACIW,16.550608,0.18576,4218491904,1.058
ACLS,18.905663,0.11745,2484890624,1.761
ACMR,38.715115,0.09937,4320122880,1.476
ACT,9.165929,0.13027,6111157760,0.514
ADAM,42.842106,0.09689,735152512,1.167
ADEA,29.246155,0.18535,2081788800,0.973
ADMA,18.72093,0.63174,3841954560,0.483
ADNT,,-0.10045999,1967706240,1.595
ADT,10.835616,0.17245,6486837760,1.01
ADUS,24.728052,0.085760005,2134448256,0.919
AEO,22.353983,0.12362,4281873152,1.384
AGO,10.832108,0.07414,4206764800,0.903
AGYS,73.49532,0.106759995,2210432512,0.327
AHCO,18.8,0.05519,1400287616,1.754
AHH,27.772728,-0.0013600001,633389632,1.037
AIN,,-0.061100002,1751581184,1.194
AIR,45.691406,0.06862,4628796416,1.213
AKR,202.8,-0.0155,2869092608,1.116
AL,6.9870834,0.136,7272218624,1.126
ALEX,20.594059,0.073189996,1514657408,0.926
ALG,22.120209,0.10823,2586159360,1.124
ALGT,,-0.04247,1970907136,1.582
ALKS,15.875622,0.22347,5268899328,0.458
ALRM,19.317797,0.15837,2275170304,
AMN,,-0.14191,742154240,0.226
AMPH,12.623894,0.14840001,1326504704,0.881
AMR,,-0.02871,2292251648,0.764
AMRX,1450.0,,4558262272,1.348
AMSF,14.473078,0.16945,714618240,0.377
AMWD,13.53302,0.068169996,835979008,1.257
ANDE,30.821596,0.082559995,2245916672,0.762
ANGI,8.946809,0.04405,362896352,1.725
ANIP,48.606247,0.08663,1746571648,0.501
AORT,182.52382,0.026970001,1833822336,1.585
AOSL,,-0.12,666047232,1.987
APAM,10.271605,0.49311,2931204864,1.758
APLE,16.68919,0.054130003,2926824704,0.828
APLS,61.88889,0.14096,2818981888,0.239
APOG,21.95722,0.07734,883238912,1.087
ARCB,40.110687,0.04605,2365683200,1.505
ARI,13.123457,0.067940004,1483937152,1.565
ARLO,387.0,0.038039997,1230570240,1.689
AROC,21.768211,0.19556,5764400128,0.906
ARR,94.15789,0.17816,2013796608,1.431
ASO,10.805147,0.18340999,3919526656,1.249
ASTE,28.095695,0.07367,1343269376,1.436
ASTH,104.52632,0.018339999,996090496,0.894
ATEN,35.05263,0.19007,1433095168,1.236
ATGE,14.232696,0.18027,3510790912,0.71
AUB,20.024632,0.06718,5793363456,0.808
AVA,17.936441,0.073070005,3444466176,0.26
AVNS,,-0.4668,717636288,1.086
AWI,28.58046,0.38028,8604947456,1.32
AWR,21.579882,0.13272001,2823830272,
AX,12.350254,0.16750999,5515927040,1.255
AXL,24.324324,0.06279,2121012480,1.59
AZTA,50.48276,0.01534,1348681600,1.337
AZZ,12.678571,0.27378,4054700544,1.123
BANC,17.153847,0.06504,3119993088,1.056
BANF,16.421942,0.14137,3916017408,0.651
BANR,11.407801,0.10503,2193856000,0.878
BBT,30.85437,0.04856,2666623744,
BCC,16.19921,0.09047,3066526464,1.233
BCPC,37.48359,0.12864,5559574528,0.953
BFH,6.909672,0.16337,3453288192,1.238
BFS,30.640352,0.1034,1202437888,0.994
BGC,29.09091,0.13175,4537229312,1.015
BHE,85.85294,0.02246,2096466944,1.022
BJRI,30.294117,0.08438,911516224,1.309
BKE,13.188263,0.41256002,2759388416,1.106
BKU,14.184136,0.09146,3762388480,1.289
BL,92.692314,0.06379,2237244928,0.865
BLFS,,-0.05248,1111738496,1.924
BLMN,17.486486,0.12433,551354560,1.121
BMI,33.20208,0.21466999,4696599552,0.876
BOH,17.293736,0.117019996,3185592320,0.727
BOOT,28.016829,0.18451001,6089410560,1.672
BOX,18.296001,2.04265,3275620352,0.791
BRC,21.782927,0.16775998,4213353216,0.609
BTU,,-0.0116,4077247744,0.503
BXMT,30.984127,0.030050002,3284416000,1.085
CABO,,-0.27384,593496832,0.747
CAKE,19.31307,0.34168,3166940928,0.984
CALM,3.5407689,0.48526,3993885696,0.249
CALX,213.88463,0.02181,3685634560,1.521
CARG,20.385136,0.42962003,2994680064,1.366
CARS,24.934782,0.061139997,704779840,1.459
CASH,11.657734,0.23567,2138066304,0.743
CATY,11.786344,0.10920999,3640639232,0.847
CBRL,45.60811,0.038900003,753573248,1.265
CBU,16.370275,0.11168,3423803136,0.806
CC,,-0.90186995,2554159104,1.639
CCOI,,-2.2914999,914060608,
CCS,14.78395,0.05663,2111261184,1.551
CE,,-0.22418,5925309952,1.098
CENT,16.191835,0.1012,2470149120,0.632
CENTA,14.379591,0.1012,2233542656,0.632
CENX,62.666668,0.01746,4913521152,2.197
CERT,92.28571,0.0102699995,1028905920,1.477
CFFN,13.714285,0.070489995,1009446144,0.665
CHCO,13.99328,0.16941999,1800504960,0.505
CHEF,41.67857,0.12673001,2854201088,1.283
CLB,27.088236,0.121020004,863784512,1.088
CLSK,,-0.15338,2468015616,3.497
CNK,24.081818,0.27820998,3111936768,1.12
CNMD,29.89404,0.04715,1397893376,0.956
CNR,,-0.05841,4505999360,0.306
CNS,22.599327,0.27275,3423626240,1.261
CNXN,18.993885,0.09195,1567980928,0.84
COHU,,-0.09044,1473618944,1.285
COLL,27.607363,0.2296,1422493952,0.649
CORT,40.022987,0.16701001,3669043456,0.264
CPF,11.972029,0.13701999,917869120,0.936
CPK,23.870337,0.09132,3178415360,0.795
CPRX,14.2105255,0.27519,2986770944,0.729
CRC,14.201439,0.1106,5289052672,1.129
CRGY,,-0.0027200002,3516975104,1.212
CRI,18.036585,0.10519,1617191808,1.064
CRK,13.965035,0.15867,5852544000,0.358
CRSR,,-0.023659999,598952640,1.55
CRVL,24.215687,0.31256,2531599616,1.058
CSGS,40.368687,0.19737,2279644160,0.881
CSR,34.331493,0.02632,1101412224,0.798
CSW,41.299736,0.118719995,5196240896,0.822
CTKB,,-0.03356,566441152,1.302
CTRE,25.509552,0.09166,8943177728,0.78
CTS,24.543379,0.12066,1584369152,0.886
CUBI,11.654951,0.113400005,2494591744,1.641
CVBF,13.473684,0.0934,2781034496,0.683
CVCO,25.89309,0.17184,4650241536,1.309
CVI,12.557575,0.10078,2082993920,1.102
CWEN,16.85532,-0.01401,8071475712,0.996
CWEN-A,15.736171,-0.01401,7777620480,0.996
CWK,14.031579,0.04753,3087288576,
CWST,397.75,0.00505,6061071872,0.788
CWT,20.06579,0.081470005,2726303744,0.637
CXM,13.634147,0.21349001,1378975616,0.767
CXW,15.499999,0.08039,1750747136,0.709
CZR,,-0.10840999,4415660032,1.989
DAN,77.88637,0.05314,4004016640,2.105
DCOM,14.521187,0.07707,1504259200,1.091
DEA,80.43333,0.01049,1243754496,0.935
DEI,116.22222,-0.0032,2122983168,1.135
DFH,7.214789,0.20341998,1903145600,1.863
DFIN,42.348213,0.07948,1304077312,0.86
DGII,44.82143,0.06845,1888080256,0.817
DIOD,47.867134,0.03633,3175075840,1.646
DLX,15.127778,0.12630999,1227569280,1.367
DNOW,15.206896,-0.05229,2456301568,
DOCN,25.452,,5821645312,1.766
DORM,16.150686,0.18191,3963669248,0.912
DRH,38.19231,0.03975,2027883264,1.017
DV,36.884617,0.04053,1569196288,0.978
DXC,5.804348,0.12933,2324688384,1.083
DXPE,28.351711,0.19579001,2340458752,0.973
EAT,14.800001,1.778,6510062080,1.338
ECPG,,-0.045110002,1344117632,1.399
EFC,9.371212,0.09283,1541908352,0.94
EGBN,,-0.10245,805141504,1.018
EIG,15.3046875,0.010670001,921184128,0.572
EMBC,4.5466104,,635429056,1.065
EMN,19.307318,0.07991,9029766144,1.233
ENOV,,-0.51019,1299914624,1.622
ENPH,36.093025,0.17930001,6092828160,1.372
ENR,7.5521884,1.5133001,1538038912,0.632
ENVA,12.615451,0.24343,3593254656,1.211
EPAC,25.536144,0.21749,2245887744,0.964
EPC,206.54546,0.00422,1061401216,0.628
EPRT,25.578127,0.06523,6889598464,0.995
ESE,57.496883,0.08913,7161732096,1.206
ESI,35.797977,0.07508,8576476672,1.276
ETD,13.72093,0.09212,600533632,1.19
ETSY,35.256756,,5171485184,1.761
EVTC,12.185842,0.23636,1762115072,0.845
EXPI,,-0.08093,1192863744,2.1
EXTR,234.16667,0.124280006,1886487040,1.666
EYE,,-0.0037099998,2169116416,1.392
EZPW,16.159235,0.12974,1565258624,0.529
FBK,24.114286,0.069759995,3158563584,0.978
FBNC,23.220148,0.07165,2580443392,0.885
FBP,11.087805,0.18969,3589906176,0.856
FBRT,14.25,0.05205,744252224,1.133
FCF,12.445946,0.102919996,1911369472,0.785
FCPT,23.17431,0.07303,2772159744,0.837
FDP,25.274391,0.04632,1988561280,0.285
FELE,31.21824,0.11452,4265874688,1.069
FFBC,11.413534,0.098170005,3172706560,0.975
FHB,11.995454,0.10257,3264959744,0.693
FIBK,12.734694,0.089499995,3852224512,0.753
FIZZ,18.597988,0.40932,3465324032,0.733
FMC,,-0.66613,1826331264,0.665
FORM,137.04347,0.054819997,7330016256,1.103
FOXF,,-0.23956,824322688,1.496
FRPT,31.572037,0.112229995,3636709120,1.706
FSS,31.083769,0.19084999,7220410368,1.335
FTDR,16.131805,0.90815,4101421056,1.347
FUL,23.978182,0.07935,3581319168,1.086
FULT,10.764423,0.11711001,4027852032,0.865
FUN,,-0.98526,1850892160,0.347
FWRD,,-0.52854,869325888,1.324
GBX,10.1993065,0.11409,1835583360,1.629
GDEN,132.54546,0.011510001,763233344,1.43
GDYN,40.058823,0.02961,577523392,0.803
GEO,7.285714,0.17924,1876749184,0.757
GFF,87.74258,0.26521,4127846400,1.269
GIII,9.782208,0.08614001,1346251392,1.306
GKOS,,-0.26378,6907676160,0.701
GNL,,-0.12027001,2147811584,1.085
GNW,14.881356,0.03879,3603609600,1.007
GO,,-0.00366,1016701696,0.514
GOGO,,-0.06631,587620544,1.058
GOLF,27.688347,0.24289,5993427968,0.894
GPI,13.626592,0.11233,4323460096,0.891
GRBK,10.3307085,0.21451999,3429444608,2.002
GSHD,38.99123,,1669456128,1.543
GTES,28.750002,0.078839995,7128538624,1.267
GTY,23.555555,0.07786,1902165632,0.862
GVA,35.178757,0.19153,5927206912,1.329
HAFC,10.912351,0.09956,820475840,0.724
HASI,26.439716,0.07436,4778720768,1.464
HAYW,26.241936,0.09523,3528364800,1.129
HCC,78.71296,0.02694,4468988928,0.695
HCI,9.899809,0.32715,2023320960,1.208
HCSG,25.481482,0.11693,1454201728,0.77
HE,7.3087554,0.07021,2737760768,0.644
HFWA,14.42347,0.07566,960148160,0.516
HIW,16.17931,0.06684,2626937088,1.075
HLIT,25.952381,0.00287,1239978752,1.054
HLX,31.92857,0.027139999,1314903296,1.236
HMN,10.916455,0.11703,1754335744,0.072
HNI,16.744967,0.16841,3542652672,0.917
HOPE,25.333334,0.027880002,1558932096,0.83
HP,,-0.10963,3622365440,0.543
HRMY,9.198738,0.25934,1679509888,0.84
HSTM,29.926472,0.05874,603746560,0.439
HTH,14.689393,0.07791,2378320640,0.921
HTLD,,-0.066479996,910783040,1.145
HTO,17.410093,0.07649,1976082816,0.481
HTZ,,-5.67033,1453580800,2.132
HUBG,24.867817,0.06241,2648971264,1.125
HWKN,36.99495,0.1689,3062156544,0.843
HZO,,-0.058520004,626459648,1.691
IAC,,-0.02105,2895996160,1.15
IART,,-0.38711,951290752,1.031
IBP,35.105717,0.36659,8778590208,1.935
ICHR,,-0.07749,1733740544,1.869
ICUI,,0.00035999998,3876546304,
IDCC,30.407125,0.41529998,9229421568,1.584
IIIN,15.670782,0.13768,738614208,0.807
IIPR,10.806147,0.06637,1280930176,1.491
INDB,18.797297,0.06255,4137718528,0.798
INDV,34.58163,,4237078016,1.143
INN,,-0.00612,472230144,1.237
INSP,12.173824,0.19774,1729729536,0.721
INSW,15.369021,0.114259996,3332649216,-0.193
INVA,14.090362,0.15174,1748848384,0.447
INVX,39.796875,0.10406999,1755590784,
IOSP,,0.09149,2016949248,0.878
IPAR,20.157894,0.19771999,3315813632,1.234
IRDM,21.622643,0.22011,2405608960,0.641
ITGR,34.917694,0.061100002,2973010176,0.744
ITRI,17.870735,0.19262,4559068672,1.43
JBGS,,-0.08615,1006048576,1.118
JBLU,,-0.25289,2211464960,1.749
JBSS,13.853089,0.20226,969771520,0.366
JBTM,,-0.036530003,8570598912,0.975
JJSF,26.873016,0.065960005,1609357696,0.336
JOE,39.733334,0.13964,4141595392,1.322
JXN,16.17063,0.00709,8053101568,1.455
KAI,39.38702,0.11214,4003505920,1.228
KALU,25.003878,0.14339,2090931072,1.376
OPLN,32.908047,0.10196,3043473152,1.276
KFY,12.668025,0.14217,3258719232,1.308
KLIC,,-0.0719,3707765760,1.623
KMT,27.685316,0.088649996,3016710144,1.499
KMX,14.590164,0.07459,6534604288,1.352
KN,47.48276,0.06646,2345083136,1.514
KNTK,111.121956,0.044109996,2917090304,0.975
KOP,42.301205,0.029860001,692212224,1.398
KREF,,-0.03848,445977920,0.905
KRYS,39.191616,0.18913999,7591550464,0.478
KSS,10.855492,0.050430004,2106913152,1.438
KTB,17.966494,0.49106,3875430656,1.189
KW,,0.0059100003,1503157888,1.02
KWR,,-0.00638,3034317568,1.337
LBRT,30.168541,0.07288,4351083520,0.505
LCII,20.669468,0.13701999,3577971456,1.315
LEG,7.053254,0.27487,1615160064,0.733
LGIH,12.269912,0.035099998,1279966848,1.897
LGND,81.40708,0.05424,3621042688,1.038
LKFN,15.019949,0.14292,1537595520,0.726
LKQ,12.629629,0.09481,8773697536,0.888
LMAT,40.06035,0.15024,2108436352,0.705
LNC,6.843911,0.12276,7578568704,1.274
LNN,20.174814,0.14586,1442415744,0.804
LPG,12.551237,0.112110004,1518270592,0.726
LQDT,34.61413,0.14723,987636992,1.067
LRN,12.6851,0.22257,3621845504,0.118
LTC,54.05555,0.03816,1853144320,0.61
LUMN,,,8034683392,1.536
LXP,26.543957,0.056420002,2857963776,1.112
LZ,54.666668,0.11637,1182435840,1.224
LZB,17.13889,0.0809,1527036800,1.268
MAC,,-0.074889995,5442953216,2.181
MAN,,-0.00635,1326877184,0.859
MARA,3.1011672,0.23066,3014129152,5.527
MATW,37.15493,0.04731,821105984,1.168
MATX,12.8249235,0.16382,5332608000,1.334
MBIN,11.992064,0.09671,2080337536,1.258
MC,21.489796,0.47289002,4686717952,1.873
MCRI,17.567219,0.19214001,1740895360,1.341
MCW,26.037037,0.09672,2302805760,1.467
MCY,10.900379,0.24799,4787792896,0.943
MD,9.853403,0.20283002,1638924416,0.779
MDU,21.752687,0.07071,4370852352,0.422
MGEE,21.92412,0.10799,2956235520,0.813
MGY,15.670521,0.17006001,5115006976,0.909
MHK,21.416527,0.04642,7890753024,1.205
MHO,9.739308,0.13198,3786011136,1.78
MIR,193.45456,0.01715,5342188032,0.967
MKTX,27.33484,0.19389,6771436032,0.96
MLKN,,-0.01573,1530620160,1.311
MMI,,-0.0030899998,1002646272,1.324
MMSI,42.158974,0.08303001,4874251264,0.61
MNRO,,-0.01997,684148096,1.022
MODG,,-0.46948,2699411712,0.926
MOG-A,43.081146,0.13212,10952616960,0.956
MPT,,-0.05845,3404489984,
MRCY,,-0.02083,5259082240,0.769
MRTN,66.190475,0.022720002,1133436160,0.882
MSEX,22.648535,0.09089,992626240,0.908
MSGS,,,7828851200,0.56
MTH,12.256694,0.08765,5479753728,1.477
MTRN,41.62849,0.08258,3090317568,0.874
MTUS,,-0.00174,735309248,1.411
MTX,,-0.007929999,2262531840,1.255
MWA,23.598425,0.21552,4686867456,1.168
MXL,,-0.28235,1613776128,1.708
MYGN,,-0.72522,399886848,1.888
MYRG,45.470875,0.16221,4362071552,1.165
NABL,,-0.02178,890577472,0.603
NAVI,,-0.03175,913637824,1.317
NBHC,14.919299,0.08146,1915606016,0.786
NBTB,13.702703,0.098900005,2390742272,0.499
NE,33.718517,0.04711,7246665216,1.12
NEO,,-0.12425,1279645440,1.582
NEOG,,-0.25253,2464569344,1.979
NGVT,,-2.04651,2632501248,1.338
NHC,24.317413,0.101160005,2448617216,0.639
NMIH,7.9349594,0.16174,3000923904,0.638
NOG,15.467032,0.07951,2747523840,0.988
NPK,23.345589,0.10687,908296512,0.518
NPO,67.62808,0.02725,5784016896,1.573
NSIT,17.592592,0.09203,2650200832,0.918
NSP,,-0.0979,879072256,0.455
NTCT,22.330828,0.06067,2144944512,0.643
NVRI,,-0.34159002,1546183040,1.777
NWBI,14.119565,0.072270006,1897942528,0.661
NWL,,-0.11085,2045696000,0.929
NWN,19.964144,0.07203,2079917824,0.567
NX,,-0.28879,1035910912,0.935
NXRT,,-0.12505999,1528670720,1.192
OFG,9.31441,0.15512,1875129728,0.749
OGN,11.25,0.27141002,2105861632,0.551
OI,,-0.07774,2362283520,0.797
OII,15.192141,0.39373,3486222592,1.214
OMCL,1006.5,0.00166,1849312896,0.769
OSIS,33.207485,0.18325001,4972649984,1.345
OSW,32.114285,0.12936,2308633856,1.009
OTTR,12.832326,0.15630001,3559873792,0.544
OUT,35.835617,0.17291,4374856192,1.531
OXM,,-0.00511,615031360,1.063
PAHC,23.362831,0.31801,2140232960,0.795
PARR,9.213363,0.17809999,2172327936,1.191
PAYO,30.055553,0.09791,1949307136,1.042
PATK,35.089745,0.1168,4554187264,1.317
PBH,18.358839,0.1031,3345685760,0.423
PBI,25.023811,,1809012736,1.418
PCRX,49.404255,0.02903,998953984,0.229
PDFS,,-0.00248,1281405312,1.563
PEB,,-0.0349,1504707840,1.511
PECO,44.101124,0.047080003,5436635136,0.568
PENG,86.909096,0.05709,1004950272,2.201
PENN,,-0.36129,1900981504,1.379
PFBC,9.332995,0.17214,1124723712,0.626
PFS,10.349775,0.10715,3014764544,0.85
PGNY,33.838707,0.11372,1808720512,0.973
PI,,-0.06041,3867237120,1.541
PIPR,20.660557,0.20422001,5523765248,1.501
PJT,22.665173,0.33813,6025685504,0.811
PLAB,16.666666,0.12361,2244456448,1.515
PLAY,,0.00168,534422848,1.758
PLMR,16.844973,0.23577,3198627328,0.456
PLUS,14.633928,0.14623,2166665728,0.994
PLXS,30.864698,0.12628001,5316042240,0.801
PMT,12.414142,0.06685,1069434112,1.249
POWI,116.69231,0.031059999,2525987072,1.353
POWL,35.46174,0.32161,6639643136,0.85
PRA,37.69231,0.026589999,1259634304,0.051
PRAA,,-0.28812,421214432,1.28
PRDO,14.094421,0.16555001,2133069056,0.889
PRG,10.279187,0.17807,1601596416,1.729
PRGO,,-0.00648,2060231552,0.4
PRGS,24.295183,0.15948,1730462464,0.578
PRIM,33.536633,0.18563999,9150918656,1.368
PRK,15.779278,0.1387,3164442624,0.715
PRKS,10.706948,,1950072192,1.172
PRLB,74.284096,0.03168,1560692992,1.285
PRSU,,-0.01815,1051854528,1.434
PRVA,157.07143,0.0344,2704803584,0.832
PSMT,31.373468,0.12229,4737398784,0.761
PTCT,8.216279,,5673171968,0.487
PTEN,,-0.02777,3192227328,0.734
PTGX,125.393936,0.077989995,5173796352,2.253
PZZA,27.710527,,1035817664,1.209
QDEL,,-0.46148998,1527100928,0.724
QNST,10.7663555,0.24054001,656570240,0.681
QRVO,22.655645,0.09624,7624114688,1.369
QTWO,63.475,0.08818,3168893952,1.369
RAMP,24.653847,0.07164,1631956352,1.15
RCUS,,-0.68132,2349604864,0.842
RDN,8.414142,0.13145,4514495488,0.804
RDNT,,0.0176,5423789568,1.49
RES,40.666664,0.02947,1345762944,0.665
REYN,17.020979,0.13697,5119761920,0.573
REX,22.939598,0.094519995,1129907840,0.736
REZI,,-0.20898001,5497532928,1.737
RHI,19.37594,0.10022,2606470656,0.849
RHP,27.664907,0.22931999,6605977088,1.189
RNG,282.14285,,3419306496,1.231
RNST,19.560389,0.05524,3847416064,0.986
ROCK,11.836323,0.13846,1559557120,1.326
ROG,,-0.0505,1947900032,0.386
RRR,20.51923,1.1154901,6588957184,1.452
RUN,,-0.72506,4705808384,2.382
RUSHA,22.332346,0.12126,5937151488,0.928
RWT,,-0.06448,780362368,1.613
SAFE,10.025157,0.047620002,1143802240,1.828
SABR,,,386039456,1.016
SAFT,13.359455,0.09969,1168001152,0.207
SAH,17.91129,0.11137,2276925952,0.924
SANM,35.5631,0.09725001,8156059648,1.027
SBCF,21.496815,0.05531,3305064704,0.917
SBH,9.028409,0.24379998,1561454592,1.151
SBSI,14.336246,0.08342,987070976,0.617
SCHL,,-0.0035499998,825328448,1.179
SCL,33.954548,0.03669,1520676480,1.033
SCSC,11.493828,0.08158,817138880,1.262
SDGR,,-0.45666,849354048,1.554
SEDG,,-0.74681,2266422016,1.654
SEE,15.594795,0.40418,6178024960,1.358
SEM,18.304878,0.10639,1861078912,0.984
SFBS,17.14822,0.15956001,4739807232,0.918
SFNC,,-0.12417,3108057600,0.916
SHAK,91.72549,0.09078,3994392064,1.753
SHEN,,-0.034,739477952,0.76
SHO,470.0,0.008909999,1785089536,0.986
SHOO,51.141026,0.0712,2898324992,1.11
SIG,29.493977,0.08239,4009712384,1.256
SITM,,-0.046230003,10703277056,2.544
SKT,37.851067,0.16951999,4074266112,1.165
SKY,25.957333,0.14087,5437244928,1.055
SKYW,9.973913,0.16618,4168247552,1.602
SLG,,-0.021760002,2891355904,1.614
SLVM,15.030865,0.14562,1920643072,0.832
SM,3.7377567,0.16577,5637197824,1.06
SMP,14.543975,0.10385,982263872,0.742
SMPL,18.788889,0.05171,1606436096,0.25
SMTC,154.94643,0.13411,8029700096,2.019
SNCY,21.333334,0.08834,1090013184,1.585
SNDR,49.677967,0.03447,5138031104,1.081
SNEX,19.204477,0.16736001,6750454784,0.441
SONO,,-0.038540002,1862647552,1.987
SPNT,13.079268,0.20868,2505674240,0.665
SPSC,23.55691,0.10208999,2196812800,0.557
SRPT,,-0.21369,1978381952,0.39
SSTK,9.553572,0.082770005,570101632,1.206
STAA,,-0.24649,876739328,1.066
STBA,12.802292,0.094390005,1707781248,0.909
STC,17.746075,0.085030004,2048817152,1.029
STEL,19.527637,0.06279,1989146112,0.778
STEP,,-0.65119004,6258583552,1.316
STRA,15.825364,0.06762,1819299072,0.554
SUPN,,-0.01859,2916279552,0.722
SXC,8.293333,-0.05804,526619456,0.932
SXI,57.79596,0.10467,3123845632,1.111
SXT,28.629747,0.11931,3845581312,0.55
TALO,,-0.13703,2359629824,0.545
TBBK,11.835365,0.30848,2682387200,1.293
TDC,22.896296,0.71625,2920995072,0.544
TDS,,0.02711,5232987648,
TDW,24.70707,0.13372,3636944128,0.613
TFIN,67.0,0.02767,1482601984,1.482
TFX,,-0.07897,5102244352,0.906
TGNA,9.966508,0.11449,3354812672,0.145
TGTX,10.66065,1.11956,4688166912,1.871
THRM,34.454544,0.02735,1041212800,1.324
TILE,16.958334,0.20218,1901198592,1.877
TMDX,52.854332,0.32476002,4587902976,1.979
TMP,7.3843417,0.19502,1197846144,0.755
TNC,28.55137,0.08488,1539771264,1.03
TNDM,,-0.97885,1665904000,
TPH,13.660767,0.094639994,3980506624,1.407
TR,31.930769,0.104820006,3029675008,0.555
TRIP,34.870968,0.050380003,1263779200,0.934
TRMK,12.086487,0.10976,2681333248,0.676
TRN,11.136943,0.23201,2826882560,1.45
TRNO,16.849104,0.10321999,6828497920,1.147
TRST,14.092307,0.08971,843820096,0.612
TRUP,64.57778,0.054959998,1262080640,1.598
TWI,,-0.00824,691315712,1.484
TWO,,-0.23235,1132365440,1.197
UA,,-0.30394,3356013312,1.803
UAA,,-0.30394,3466744832,1.803
UCB,13.259543,0.0928,4222887168,0.842
UCTT,,-0.17726,2684646400,2.001
UE,28.378378,0.07122,2840681984,1.049
UFCS,8.600446,0.13722,983362624,0.452
UFPT,27.087008,0.18313,1800778624,1.097
UHT,33.44186,0.105500005,598529984,0.928
UNF,31.426683,0.06495,4301663232,0.711
UNFI,,-0.0624,2360498688,1.012
UNIT,1.2084507,,2050931584,1.489
UPBD,15.602739,0.11058,1319092608,1.857
UPWK,15.678572,0.19147,1720724736,1.02
URBN,12.945075,0.19338,6130852864,1.214
USPH,35.902954,0.0844,1293718528,1.298
UTL,17.410774,0.08948,929952320,0.481
UVV,15.867256,0.06966,1340634880,0.638
VAC,12.888403,0.07084,2038764160,1.289
VCEL,146.5,0.04516,1926364544,1.228
VCTR,18.52696,0.18614,4908471296,1.048
VCYT,93.76316,0.02491,2816522240,1.913
VECO,35.325302,0.060700003,1767910656,1.165
VIAV,,-0.055370003,6370148864,0.962
VICR,93.41208,0.185,7636723712,1.898
VIR,,-0.49062002,1051785152,1.694
VIRT,7.762183,0.5272,8493009408,0.61
VITL,20.583332,0.20712,1216523648,1.093
VRE,26.61905,0.04774,1855873280,1.256
VRRM,55.705883,0.11486,3022150656,0.575
VRTS,7.3565354,0.13385001,992289664,1.442
VSAT,,-0.0639,6316160512,1.454
VSCO,30.220657,0.32049,5166910976,2.294
VSH,,-0.0043599997,2671072768,1.136
VTOL,9.751046,0.14731,1347961216,1.373
VYX,,-0.04065,1329576192,1.558
WABC,11.743363,0.12742,1323446400,0.602
WAFD,11.527778,0.08031999,2537635584,0.839
WD,18.771513,0.06315,2155212544,1.512
WDFC,36.24316,0.36512002,3226118144,0.173
WEN,9.517647,0.87635005,1539721216,0.378
WERN,,-0.01594,2121172992,1.072
WGO,36.578125,0.02943,1321289728,1.132
WHD,23.282867,0.16179001,4023016960,1.253
WINA,41.312782,,1646739456,0.653
WKC,,-0.37484002,1387302528,1.14
WLY,15.973263,0.13605,1569919232,0.958
WOR,272.1905,0.11173,2838854656,1.221
WRLD,16.812098,0.109680004,658124160,1.222
WSC,18.851238,-0.05653,4153132544,1.103
WSFS,13.292731,0.10824,3699375104,0.761
WSR,17.697674,0.10341,786312768,0.783
WT,21.839998,0.26825002,2304912640,1.095
WU,4.030435,0.51861,2993906944,
WWW,16.971962,0.27628002,1488536960,1.903
XHR,28.75,0.04737,1635861888,1.189
XNCR,,-0.19564,814793472,0.972
XPEL,30.117647,0.19013001,1417144448,1.265
YELP,9.486608,0.20016001,1340038912,0.532
YOU,20.644579,1.3726,4620539392,1.188
ZD,12.214008,0.06255,1287081088,1.381
ZWS,45.401783,0.120620005,8509788672,0.794
